Workbook

Sheet Read Me
A1: PMO Tracker (SYNTHETIC DEMO DATA, not real company or GMP data)
A3: How to use:
A4: Blue text = inputs you type. Black text = formulas; do not overwrite.
A5: Milestones: edit Status, Baseline, Forecast, Critical Path. Slip and RAG update automatically.
A6: Risks: score Severity, Occurrence, Detection 1-10 (pFMEA style). RPN = S x O x D.
A7: Dashboard: read-only roll-up per project.
A9: RAG rule (same as .claude/skills/pmo-status-report):
A10: Complete = Green. Red = Delayed, or critical path slip > 30 days.
A11: Amber = At Risk, or slip 8-30 days. Otherwise Green.
A12: Risk action threshold: RPN > 100 = Mitigate (assumption; set your own in Dashboard!B12).

Sheet Milestones
A1: Project | B1: Workstream | C1: Milestone | D1: Owner | E1: Baseline Date | F1: Forecast Date | G1: Status | H1: Critical Path (Y/N) | I1: Slip (days) | J1: RAG
A2: TT-MR-Vaccine-SiteB | B2: Process | C2: Process description & PFD frozen | D2: MSAT | E2: 46218 | F2: 46223 | G2: Complete | H2: Y | I2: =F2-E2 | J2: =IF(G2="Complete","Green",IF(OR(G2="Delayed",AND(H2="Y",I2>30)),"Red",IF(OR(G2="At Risk",AND(I2>=8,I2<=30)),"Amber","Green")))
A3: TT-MR-Vaccine-SiteB | B3: Analytical | C3: Analytical method transfer protocol approved | D3: QC | E3: 46235 | F3: 46259 | G3: In Progress | H3: Y | I3: =F3-E3 | J3: =IF(G3="Complete","Green",IF(OR(G3="Delayed",AND(H3="Y",I3>30)),"Red",IF(OR(G3="At Risk",AND(I3>=8,I3<=30)),"Amber","Green")))
A4: TT-MR-Vaccine-SiteB | B4: Equipment | C4: Bioreactor IQ/OQ complete | D4: Engineering | E4: 46249 | F4: 46295 | G4: Delayed | H4: Y | I4: =F4-E4 | J4: =IF(G4="Complete","Green",IF(OR(G4="Delayed",AND(H4="Y",I4>30)),"Red",IF(OR(G4="At Risk",AND(I4>=8,I4<=30)),"Amber","Green")))
A5: TT-MR-Vaccine-SiteB | B5: Quality | C5: Change control CC-2026-118 approved | D5: QA | E5: 46233 | F5: 46233 | G5: Complete | H5: N | I5: =F5-E5 | J5: =IF(G5="Complete","Green",IF(OR(G5="Delayed",AND(H5="Y",I5>30)),"Red",IF(OR(G5="At Risk",AND(I5>=8,I5<=30)),"Amber","Green")))
A6: TT-MR-Vaccine-SiteB | B6: Process | C6: Engineering batch 1 executed | D6: Production | E6: 46280 | F6: 46315 | G6: At Risk | H6: Y | I6: =F6-E6 | J6: =IF(G6="Complete","Green",IF(OR(G6="Delayed",AND(H6="Y",I6>30)),"Red",IF(OR(G6="At Risk",AND(I6>=8,I6<=30)),"Amber","Green")))
A7: TT-MR-Vaccine-SiteB | B7: Regulatory | C7: Post-approval change filing strategy agreed | D7: RA | E7: 46266 | F7: 46275 | G7: In Progress | H7: N | I7: =F7-E7 | J7: =IF(G7="Complete","Green",IF(OR(G7="Delayed",AND(H7="Y",I7>30)),"Red",IF(OR(G7="At Risk",AND(I7>=8,I7<=30)),"Amber","Green")))
A8: TT-MR-Vaccine-SiteB | B8: Process | C8: PPQ protocol approved | D8: QA | E8: 46310 | F8: 46341 | G8: Not Started | H8: Y | I8: =F8-E8 | J8: =IF(G8="Complete","Green",IF(OR(G8="Delayed",AND(H8="Y",I8>30)),"Red",IF(OR(G8="At Risk",AND(I8>=8,I8<=30)),"Amber","Green")))
A9: TT-MR-Vaccine-SiteB | B9: Process | C9: PPQ batches 1-3 executed | D9: Production | E9: 46356 | F9: 46397 | G9: Not Started | H9: Y | I9: =F9-E9 | J9: =IF(G9="Complete","Green",IF(OR(G9="Delayed",AND(H9="Y",I9>30)),"Red",IF(OR(G9="At Risk",AND(I9>=8,I9<=30)),"Amber","Green")))
A10: TT-MR-Vaccine-SiteB | B10: Regulatory | C10: Variation dossier (Module 3) submitted | D10: RA | E10: 46418 | F10: 46451 | G10: Not Started | H10: Y | I10: =F10-E10 | J10: =IF(G10="Complete","Green",IF(OR(G10="Delayed",AND(H10="Y",I10>30)),"Red",IF(OR(G10="At Risk",AND(I10>=8,I10<=30)),"Amber","Green")))
A11: TT-Rabies-CDMO | B11: Analytical | C11: Potency assay transfer report signed | D11: QC | E11: 46254 | F11: 46252 | G11: Complete | H11: Y | I11: =F11-E11 | J11: =IF(G11="Complete","Green",IF(OR(G11="Delayed",AND(H11="Y",I11>30)),"Red",IF(OR(G11="At Risk",AND(I11>=8,I11<=30)),"Amber","Green")))
A12: TT-Rabies-CDMO | B12: Supply | C12: Critical raw material 2nd source qualified | D12: Procurement | E12: 46295 | F12: 46371 | G12: Delayed | H12: N | I12: =F12-E12 | J12: =IF(G12="Complete","Green",IF(OR(G12="Delayed",AND(H12="Y",I12>30)),"Red",IF(OR(G12="At Risk",AND(I12>=8,I12<=30)),"Amber","Green")))
A13: TT-Rabies-CDMO | B13: Process | C13: Scale-down model qualified | D13: MSAT | E13: 46285 | F13: 46290 | G13: In Progress | H13: Y | I13: =F13-E13 | J13: =IF(G13="Complete","Green",IF(OR(G13="Delayed",AND(H13="Y",I13>30)),"Red",IF(OR(G13="At Risk",AND(I13>=8,I13<=30)),"Amber","Green")))

Sheet Risks
A1: Risk ID | B1: Project | C1: Risk | D1: Category | E1: Severity (1-10) | F1: Occurrence (1-10) | G1: Detection (1-10) | H1: RPN | I1: Action | J1: Owner | K1: Mitigation
A2: R-01 | B2: TT-MR-Vaccine-SiteB | C2: Bioreactor IQ/OQ delay pushes engineering batch | D2: Equipment | E2: 8 | F2: 7 | G2: 3 | H2: =E2*F2*G2 | I2: =IF(H2>Dashboard!$B$12,"Mitigate","Monitor") | J2: Engineering | K2: Vendor FAT punch-list daily call; parallel OQ protocol review
A3: R-02 | B3: TT-MR-Vaccine-SiteB | C3: Analytical method transfer fails acceptance criteria | D3: Analytical | E3: 9 | F3: 4 | G3: 4 | H3: =E3*F3*G3 | I3: =IF(H3>Dashboard!$B$12,"Mitigate","Monitor") | J3: QC | K3: Pre-transfer comparability run on 3 lots
A4: R-03 | B4: TT-MR-Vaccine-SiteB | C4: Health authority asks for extra stability data | D4: Regulatory | E4: 7 | F4: 5 | G4: 6 | H4: =E4*F4*G4 | I4: =IF(H4>Dashboard!$B$12,"Mitigate","Monitor") | J4: RA | K4: Pre-submission meeting; start bridging stability now
A5: R-04 | B5: TT-Rabies-CDMO | C5: Single-source raw material supply interruption | D5: Supply | E5: 9 | F5: 5 | G5: 5 | H5: =E5*F5*G5 | I5: =IF(H5>Dashboard!$B$12,"Mitigate","Monitor") | J5: Procurement | K5: Safety stock 6 months; accelerate 2nd source
A6: R-05 | B6: TT-Rabies-CDMO | C6: Scale-down model not representative | D6: Process | E6: 6 | F6: 3 | G6: 4 | H6: =E6*F6*G6 | I6: =IF(H6>Dashboard!$B$12,"Mitigate","Monitor") | J6: MSAT | K6: Statistical equivalence (TOST) on key CQAs
A7: R-06 | B7: TT-MR-Vaccine-SiteB | C7: Key MSAT SME attrition | D7: Resource | E7: 5 | F7: 3 | G7: 2 | H7: =E7*F7*G7 | I7: =IF(H7>Dashboard!$B$12,"Mitigate","Monitor") | J7: PMO | K7: Knowledge-transfer plan; backup SME named

Sheet Dashboard
A1: Project | B1: Red | C1: Amber | D1: Green | E1: Project RAG | F1: Risks to Mitigate | G1: Worst Slip (days)
A2: TT-MR-Vaccine-SiteB | B2: =COUNTIFS(Milestones!$A$2:$A$13,$A2,Milestones!$J$2:$J$13,"Red") | C2: =COUNTIFS(Milestones!$A$2:$A$13,$A2,Milestones!$J$2:$J$13,"Amber") | D2: =COUNTIFS(Milestones!$A$2:$A$13,$A2,Milestones!$J$2:$J$13,"Green") | E2: =IF(COUNTIFS(Milestones!$A$2:$A$13,$A2,Milestones!$H$2:$H$13,"Y",Milestones!$J$2:$J$13,"Red")>0,"Red",IF(COUNTIFS(Milestones!$A$2:$A$13,$A2,Milestones!$H$2:$H$13,"Y",Milestones!$J$2:$J$13,"Amber")>0,"Amber","Green")) | F2: =COUNTIFS(Risks!$B$2:$B$7,$A2,Risks!$I$2:$I$7,"Mitigate") | G2: =_xlfn.MAXIFS(Milestones!$I$2:$I$13,Milestones!$A$2:$A$13,$A2)
A3: TT-Rabies-CDMO | B3: =COUNTIFS(Milestones!$A$2:$A$13,$A3,Milestones!$J$2:$J$13,"Red") | C3: =COUNTIFS(Milestones!$A$2:$A$13,$A3,Milestones!$J$2:$J$13,"Amber") | D3: =COUNTIFS(Milestones!$A$2:$A$13,$A3,Milestones!$J$2:$J$13,"Green") | E3: =IF(COUNTIFS(Milestones!$A$2:$A$13,$A3,Milestones!$H$2:$H$13,"Y",Milestones!$J$2:$J$13,"Red")>0,"Red",IF(COUNTIFS(Milestones!$A$2:$A$13,$A3,Milestones!$H$2:$H$13,"Y",Milestones!$J$2:$J$13,"Amber")>0,"Amber","Green")) | F3: =COUNTIFS(Risks!$B$2:$B$7,$A3,Risks!$I$2:$I$7,"Mitigate") | G3: =_xlfn.MAXIFS(Milestones!$I$2:$I$13,Milestones!$A$2:$A$13,$A3)
A11: Settings
A12: RPN action threshold | B12: 100 | C12: Assumption: common pFMEA cut-off; adjust to your site's risk SOP
A14: Built 02-Oct-2026 from labs/tt_milestones.csv
